mean_squared_0,mean_squared_1,r_squared,chi_squared_0,chi_squared_1,average_pull_0,average_pull_1,mean_squared_weighted_0,mean_squared_weighted_1,r_squared_weighted,chi_squared_weighted_0,chi_squared_weighted_1,average_pull_weighted_0,average_pull_weighted_1
10762.5478515625,103.7426986694336,-490.9864196777344,7008124141568.0,701022720.0,1331.1182861328125,26475.509765625,15.390707015991211,3.9230990409851074,-1153.6055908203125,9467494400.0,947033.5625,12.579325675964355,973.1078491210938
36.4034309387207,6.033525466918945,-0.664103627204895,10534492160.0,1053765.375,55.121681213378906,1026.4793701171875,0.01825028844177723,0.13509362936019897,-0.3691304922103882,1444113.375,144.45468139648438,0.11185304820537567,12.018328666687012
33.713348388671875,5.806319713592529,-0.5411323308944702,8994893824.0,899759.3125,57.14356231689453,948.5089721679688,0.006856222171336412,0.08280231058597565,0.48564857244491577,3557.9443359375,0.35590121150016785,0.001881535747088492,0.5965447425842285
29.46027374267578,5.427731990814209,-0.34671223163604736,6181493760.0,618334.875,32.749053955078125,786.3034057617188,0.02222234569489956,0.1490716189146042,-0.6671129465103149,2692056.75,269.2864685058594,0.1594497561454773,16.409130096435547
1127.8232421875,33.58308029174805,-50.55598449707031,699165638656.0,69937544.0,403.4734191894531,8362.44921875,0.46630558371543884,0.6828657388687134,-33.982086181640625,285251872.0,28533.748046875,1.4682811498641968,168.91090393066406
1552.9840087890625,39.40791702270508,-69.99127960205078,990952816640.0,99125024.0,398.2036437988281,9955.6572265625,0.2598316967487335,0.5097368955612183,-18.49248504638672,153599872.0,15364.5966796875,1.0797746181488037,123.94781494140625
16.830394744873047,4.102486610412598,0.2306351661682129,5565090.0,556.676025390625,1.0124679803848267,23.592803955078125,0.012444884516298771,0.11155664175748825,0.06638902425765991,4.478968620300293,0.00044803129276260734,0.0017661951715126634,0.021165691316127777
