mean_squared_0,mean_squared_1,r_squared,chi_squared_0,chi_squared_1,average_pull_0,average_pull_1,mean_squared_weighted_0,mean_squared_weighted_1,r_squared_weighted,chi_squared_weighted_0,chi_squared_weighted_1,average_pull_weighted_0,average_pull_weighted_1
13.673957824707031,3.697831392288208,0.37492483854293823,1823.8992919921875,0.18244466185569763,0.3627941906452179,0.4271140396595001,0.010371319949626923,0.10183967649936676,0.2219465970993042,1.3695420026779175,0.0001369952951790765,0.0007925458485260606,0.011703914031386375
13.673957824707031,3.697831392288208,0.37492483854293823,1823.8992919921875,0.18244466185569763,0.3627941906452179,0.4271140396595001,0.010371319949626923,0.10183967649936676,0.2219465970993042,1.3695420026779175,0.0001369952951790765,0.0007925458485260606,0.011703914031386375
13.673957824707031,3.697831392288208,0.37492483854293823,1823.8992919921875,0.18244466185569763,0.3627941906452179,0.4271140396595001,0.010371319949626923,0.10183967649936676,0.2219465970993042,1.3695420026779175,0.0001369952951790765,0.0007925458485260606,0.011703914031386375
13.673957824707031,3.697831392288208,0.37492483854293823,1823.8994140625,0.18244467675685883,0.3627941906452179,0.4271140694618225,0.010371321812272072,0.10183968394994736,0.22194665670394897,1.3695422410964966,0.00013699532428290695,0.0007925460231490433,0.01170391496270895
