mean_squared_0,mean_squared_1,r_squared,chi_squared_0,chi_squared_1,average_pull_0,average_pull_1,mean_squared_weighted_0,mean_squared_weighted_1,r_squared_weighted,chi_squared_weighted_0,chi_squared_weighted_1,average_pull_weighted_0,average_pull_weighted_1,accuarcy
10.85484504699707,3.2946691513061523,0.5037944316864014,1400.822021484375,0.14012424647808075,0.3051760196685791,0.37431299686431885,0.013239424675703049,0.11506269872188568,0.006782829761505127,1.6654431819915771,0.00016659429820720106,0.0010587668512016535,0.012906495481729507,0.7579547728637183
8.402229309082031,2.8986599445343018,0.6159104108810425,1166.560791015625,0.11669109016656876,0.26030272245407104,0.3415836989879608,0.0019746124744415283,0.044436611235141754,0.8518652319908142,0.26609349250793457,2.6617335606715642e-05,0.00040646930574439466,0.005158941261470318,0.9254552731638983
