mean_squared_0,mean_squared_1,r_squared,chi_squared_0,chi_squared_1,average_pull_0,average_pull_1,mean_squared_weighted_0,mean_squared_weighted_1,r_squared_weighted,chi_squared_weighted_0,chi_squared_weighted_1,average_pull_weighted_0,average_pull_weighted_1,accuracy
21.685527801513672,4.656772136688232,0.008693337440490723,8010.3779296875,0.8012781739234924,0.7913270592689514,0.8950966596603394,0.00956213753670454,0.09778618067502975,0.2826516628265381,3.53105092048645,0.00035321107134222984,0.001602647011168301,0.01879297010600567,0.5277166299779867
21.685527801513672,4.656772136688232,0.008693337440490723,8010.3779296875,0.8012781739234924,0.7913270592689514,0.8950966596603394,0.00956213753670454,0.09778618067502975,0.2826516628265381,3.53105092048645,0.00035321107134222984,0.001602647011168301,0.01879297010600567,0.5277166299779867
